agency_id,agency_name
1,KVB Kölner Verkehrs-Betriebe AG
3,wupsi wupsi GmbH
6,SWB Stadtwerke Bonn Verkehrs GmbH
8,RSVG Rhein-Sieg-Verkehrsgesellschaft mbH
11,OVAG Oberbergische Verkehrsgesellschaft mbH
12,RVK Regionalverkehr Köln GmbH NL Meckenheim
13,RVK Regionalverkehr Köln GmbH NL Euskirchen
14,RVK Regionalverkehr Köln GmbH NL Berg.Gladb.
16,RVK Regionalverkehr Köln GmbH NL Wermelsk.
17,REVG Rhein-Erft-Verkehrsgesellschaft mbH
19,BB Bürgerbus
22,SVE Stadtverkehr Euskirchen GmbH
23,"SVH Stadtwerke Hürth AöR, Abt. ÖPNV"
24,StWB Stadtwerke Brühl
25,VH OKUNA GmbH
26,KGW Kraftverkehr Gebr. Wiedenhoff GmbH&Co.KG
28,SCH Karl Schäfer Reisen GmbH
29,SWW Stadtwerke Wesseling GmbH
63,BSM Bahnen der Stadt Monheim
130,TR trans regio Deutsche Regionalbahn GmbH
141,RTB Rurtalbahn GmbH
151,HLB Hessische Landesbahn GmbH
